{"cameraMode":{"drawMode":0,"name":"Shaded","section":"Shading Mode"},"sceneLighting":false,"audioPlay":false,"sceneViewState":{"showFog":true,"showMaterialUpdate":true,"showSkybox":false,"showFlares":true,"showImageEffects":true,"showParticleSystems":true},"in2DMode":false,"pivot":{"x":-0.01605820655822754,"y":0.0,"z":0.0030949704814702274},"rotation":{"x":0.006001656409353018,"y":-0.0075000193901360039,"z":0.00004520670700003393,"w":0.9999538660049439},"size":2.6707661151885988,"orthographic":false}