{"cameraMode":{"drawMode":0,"name":"Shaded","section":"Shading Mode"},"sceneLighting":true,"audioPlay":false,"sceneViewState":{"showFog":true,"showMaterialUpdate":true,"showSkybox":true,"showFlares":true,"showImageEffects":true,"showParticleSystems":true},"in2DMode":false,"pivot":{"x":0.006931554991751909,"y":1.4328749179840088,"z":0.9627289772033691},"rotation":{"x":0.0014999908162280918,"y":-0.0015000009443610907,"z":0.0000022491917661682239,"w":0.9999977946281433},"size":2.0116071701049806,"orthographic":false}