{"cameraMode":{"drawMode":0,"name":"Shaded","section":"Shading Mode"},"sceneLighting":false,"audioPlay":false,"sceneViewState":{"showFog":true,"showMaterialUpdate":true,"showSkybox":false,"showFlares":true,"showImageEffects":true,"showParticleSystems":true},"in2DMode":false,"pivot":{"x":-0.0638982504606247,"y":1.3890057802200318,"z":0.3193926513195038},"rotation":{"x":0.41284137964248659,"y":0.039599694311618808,"z":-0.017969949170947076,"w":0.9097642302513123},"size":2.0262444019317629,"orthographic":false}