{"cameraMode":{"drawMode":0,"name":"Shaded","section":"Shading Mode"},"sceneLighting":false,"audioPlay":false,"sceneViewState":{"showFog":true,"showMaterialUpdate":true,"showSkybox":false,"showFlares":true,"showImageEffects":true,"showParticleSystems":true},"in2DMode":false,"pivot":{"x":460.00048828125,"y":780.0000610351563,"z":0.0},"rotation":{"x":0.0014998599654063583,"y":-0.004499992821365595,"z":0.000006757958090020111,"w":0.9999887943267822},"size":173.44790649414063,"orthographic":false}