{"cameraMode":{"drawMode":0,"name":"Shaded","section":"Shading Mode"},"sceneLighting":false,"audioPlay":false,"sceneViewState":{"showFog":true,"showMaterialUpdate":true,"showSkybox":false,"showFlares":true,"showImageEffects":true,"showParticleSystems":true},"in2DMode":false,"pivot":{"x":460.49749755859377,"y":270.99749755859377,"z":-199.5},"rotation":{"x":0.03895319998264313,"y":-0.043453045189380649,"z":-0.001695512211881578,"w":-0.9982943534851074},"size":1883.3350830078125,"orthographic":false}