{"cameraMode":{"drawMode":0,"name":"Shaded","section":"Shading Mode"},"sceneLighting":false,"audioPlay":false,"sceneViewState":{"showFog":true,"showMaterialUpdate":true,"showSkybox":false,"showFlares":true,"showImageEffects":true,"showParticleSystems":true},"in2DMode":false,"pivot":{"x":458.16314697265627,"y":253.44198608398438,"z":-200.30453491210938},"rotation":{"x":-0.04498402029275894,"y":0.005993899889290333,"z":-0.00026990706101059914,"w":-0.9989697337150574},"size":128.1719207763672,"orthographic":false}